id,text,emojis,sticker_tags,label,split
1,"I clarified it; All good, send me the link. stop",,boom-hard,polite,train
2,This is clear. Could you also update the other part? nice,ğŸ‘,ghost,polite,test
3,"Thanks for the branch, that was nice. already",ğŸ‘,medal,polite,train
4,"Thanks, Noted. I'll take it from here",,plug,polite,train
5,"Thanks for the module, that was clear. review",ğŸ˜Œ,skull,polite,val
6,This is thoughtful. Could you also check the other part? clarify,ğŸ™„,ok-hand,polite,train
7,"Can you confirm this today, please? time",ğŸ˜‰,celebrate,polite,train
8,This is careful. Could you also send the other part?,ğŸ˜,yawn,polite,train
9,Makes sense. Let me know if you need help.,ğŸ˜‰,hmm,polite,val
10,Could you check this when you can please?,ğŸ¥³,ok,polite,train
11,"Hi, your PR looks great. gentle",ğŸ˜,,polite,train
12,Okay. Let me know if you need help. great,ğŸ˜Œ,guitar,polite,train
13,It would be helpful if you can confirm it after lunch. great,ğŸ‘,thumbs-up,polite,train
14,"Thanks for the patch, that was fine. done",ğŸ‰,paperclip,polite,test
15,"Can you clean this now, ? ship",ğŸ‘,exclamation,polite,test
16,"Hello, your work looks clear.",ğŸ¥³,,polite,train
17,Please update the patch before standup. note,ğŸ‘,idea,polite,train
18,"Thanks for the change, that was nice.",ğŸ˜„,party-popper,polite,train
19,Please fix the patch tomorrow. gentle,ğŸ’–,paperclip,polite,train
20,Please explain the report after lunch. sync,ğŸ¥³,celebrate,polite,train
21,Okay. Let me know if you need help. send,ğŸ¤©,tada,polite,test
22,Please explain the work before standup.,ğŸ¤,thumbs-down,polite,test
23,"Can you check this next hour, ? already",ğŸ™‚,key,polite,train
24,It would be careful if you can check it today. version,ğŸ¤©,tea,polite,train
25,This is solid. Could you also redo the other part? please,ğŸ‰,angry,polite,train
26,I appreciate the patch.,ğŸ™‚,,polite,train
27,"Can you finish this today, ? gentle",ğŸ˜Š,tada,polite,train
28,It would be clear if you can explain it after lunch. wow,ğŸ˜,,polite,val
29,"Thanks, Makes sense. send me the link already",ğŸ‘,zzz,polite,train
30,"Hi, your idea looks nice.",ğŸ˜,party,polite,train
31,"I reviewed it; Noted, please share the details.",ğŸ˜‰,lightbulb,polite,train
32,It would be clear if you can ship it before standup. ping,ğŸ¤,eyeroll,polite,train
33,I appreciate the PR. sync,ğŸ‘,star,polite,val
34,"Thanks for the PR, that was fine. great",ğŸ¤,medal,polite,train
35,"Can you clarify this after lunch, please?",ğŸ™„,celebrate,polite,test
36,I appreciate the work.,ğŸ‘,nerd,polite,val
37,I appreciate the report.,ğŸ’–,medal,polite,val
38,This is great. Could you also explain the other part?,ğŸ˜„,trophy,polite,train
39,"Hi, your update looks useful.",ğŸ¤,explode,polite,train
40,All good. Let me know if you need help. work,ğŸ˜„,zzz,polite,train
41,This is nice. Could you also confirm the other part? check,ğŸ‰,bell,polite,test
42,I appreciate the update. update,ğŸ‘,ghost,polite,train
43,Understood. Let me know if you need help. later,ğŸ˜‰,party,polite,train
44,"Thanks for the work, that was clear. deploy",ğŸ˜¬,eyeroll,polite,train
45,"Thanks, Okay. send me the link help",ğŸ˜¬,,polite,train
46,Understood. Let me know if you need help. maybe,ğŸ˜Œ,gasp,polite,train
47,It would be great if you can fix it tomorrow. time,âœ¨,music,polite,train
48,This is clear. Could you also update the other part? ship,ğŸ‰,hourglass,polite,val
49,Please clean the work before standup.,ğŸ™‚,ghost,polite,train
50,Could you explain this next hour ? time,ğŸ˜,video,polite,train
51,Got it. Let me know if you need help. work,ğŸ‘,tada,polite,train
52,"Hello, your doc looks thoughtful. please",ğŸ¥³,boom,polite,train
53,"Can you send this by EOD, please?",ğŸ™Œ,lightbulb,polite,test
54,"I redid it; Okay, I'll take it from here. detail",ğŸ¤©,idea,polite,train
55,"Hello, your update looks fine.",ğŸ‘,hmm,polite,train
56,"Thanks, Understood. send me the link",ğŸ™‚,cheers,polite,train
57,"Hello, your report looks nice. redo",ğŸ¤,camera,polite,train
58,This is useful. Could you also explain the other part?,âœ¨,wifi,polite,train
59,Makes sense. Let me know if you need help. sure,ğŸ¤©,,polite,test
60,"Can you update this when you can, please?",ğŸ˜,sweat,polite,train
61,"Can you send this ASAP, please? detail",ğŸ™Œ,facepalm,polite,train
62,Could you clean this now please?,ğŸ‰,sparkles,polite,train
63,"I checked it; Okay, we can sync later.",ğŸ¤—,gasp,polite,test
64,I appreciate the report. note,ğŸ˜Š,,polite,train
65,This is thoughtful. Could you also redo the other part?,ğŸ™‚,tada,polite,test
66,"Can you finish this now, ?",ğŸ˜„,skull,polite,train
67,"Hi, your report looks solid. deploy",ğŸ˜,whistle,polite,train
68,"Can you ship this today, please? send",ğŸ˜‰,shrug,polite,train
69,"Thanks, Understood. ping me if stuck",ğŸ˜•,exclamation,polite,train
70,"Thanks, Noted. please share the details send",ğŸ‘,cheers,polite,train
71,It would be nice if you can clarify it when you can.,ğŸ™‚,bicep,polite,train
72,"Can you clarify this by EOD, ? done",ğŸ™‚,bulb,polite,test
73,"Hey, your doc looks solid. clean",ğŸ¤—,party,polite,train
74,"Thanks, All good. send me the link help",âœ¨,confused,polite,train
75,"Thanks, Understood. send me the link nice",ğŸ¥³,,polite,train
76,Please confirm the module soon. clean,ğŸ˜¬,check,polite,train
77,"I updated it; Okay, send me the link. already",ğŸ¤©,trophy,polite,train
78,"Thanks, Understood. please share the details clarify",ğŸ‘,zzz,polite,train
79,"Can you redo this today, please?",ğŸ˜Š,thumbs-side,polite,train
80,It would be polished if you can deploy it now. deploy,ğŸ˜•,,polite,train
81,This is fine. Could you also explain the other part? ping,ğŸ’–,hug,polite,test
82,"Thanks, All good. ping me if stuck wow",ğŸ‘,celebrate,polite,train
83,"Can you ship this today, please? clarify",ğŸ‘,hearts,polite,train
84,Please explain the report tomorrow. fix,ğŸ™„,whistle,polite,train
85,Please ship the module by EOD. now,ğŸ¤©,pointer,polite,train
86,I appreciate the branch. explain,ğŸ™‚,applause,polite,val
87,I appreciate the idea. again,ğŸ¤¦,boo,polite,train
88,"I clarified it; Noted, we can sync later. great",ğŸ’–,hourglass,polite,test
89,"Thanks, All good. we can sync later ping",ğŸ˜Œ,wave,polite,train
90,"Can you deploy this ASAP, please? clean",ğŸ™Œ,slow-clap,polite,train
91,Noted. Let me know if you need help. ping,ğŸ‰,lightbulb,polite,train
92,I appreciate the update. maybe,ğŸ¤©,eyeroll-hard,polite,test
93,It would be careful if you can confirm it soon. confirm,ğŸ˜‰,question,polite,train
94,"Thanks, Okay. send me the link check",âœ¨,pointer,polite,train
95,All good. Let me know if you need help. clarify,ğŸ˜Œ,rainbow,polite,train
96,"Thanks for the task, that was useful. send",ğŸ¤,hug,polite,val
97,I appreciate the change. send,ğŸ˜¬,bicep,polite,train
98,"I updated it; Got it, we can sync later. idea",,,polite,train
99,"Hello, your change looks nice. help",ğŸ˜,victory,polite,val
100,I appreciate the ticket. okay,ğŸ¤,key,polite,test
101,"Thanks for the doc, that was useful. update",ğŸ™‚,blush,polite,train
102,"Thanks for the work, that was helpful. sync",ğŸ˜Š,blush,polite,train
103,"Thanks, Makes sense. add a note firm",ğŸ¤©,hug,polite,test
104,Please check the module before standup.,ğŸ˜,rainbow,polite,train
105,"Thanks, Understood. we can sync later thanks",ğŸ˜Š,tada,polite,train
106,It would be fine if you can redo it when you can.,ğŸ˜,battery,polite,test
107,"Thanks, Got it. I'll take it from here done",,drum,polite,test
108,Please clean the task tomorrow. context,ğŸ™,hmm,polite,train
109,I appreciate the idea. again,ğŸ¤,hug,polite,train
110,"Hi, your update looks useful.",ğŸ’–,idea,polite,train
111,This is helpful. Could you also confirm the other part? check,ğŸ™‚,,polite,train
112,"Hi, your report looks nice.",ğŸ˜Š,,polite,train
113,Makes sense. Let me know if you need help.,ğŸ™„,trophy,polite,val
114,Noted. Let me know if you need help. check,ğŸ‰,calendar,polite,train
115,"I sent it; Noted, I'll take it from here.",ğŸ¤©,,polite,train
116,"Can you redo this now, ? time",ğŸ¤—,,polite,train
117,"Can you confirm this next hour, ? ping",ğŸ‘,,polite,train
118,"I finished it; Understood, send me the link.",ğŸ‘,mic-drop,polite,train
119,I appreciate the work. please,ğŸ¤,100,polite,train
120,I appreciate the PR. now,ğŸ‘,,polite,train
121,"Thanks for the PR, that was polished.",ğŸ¤,coffee,polite,train
122,Please update the ticket next hour. thanks,ğŸ™,pinch,polite,test
123,It would be fine if you can ship it after lunch. wow,ğŸ™„,exclamation,polite,val
124,Could you clarify this soon ? really,ğŸ™‚,cheers,polite,val
125,"I checked it; Got it, add a note. clarify",ğŸ¤—,,polite,train
126,"Thanks for the task, that was thoughtful. sync",,alarm,polite,train
127,I appreciate the PR.,ğŸ‘,lightbulb,polite,train
128,Please send the change before standup.,,grimace,polite,train
129,This is thoughtful. Could you also clean the other part? done,ğŸ™‚,chip,polite,test
130,This is fine. Could you also finish the other part? really,ğŸ’–,sunglasses,polite,val
131,"Hi, your change looks fine. fix",ğŸ˜,thumbs-up,polite,test
132,"Thanks for the change, that was nice. sure",,eyeroll-hard,polite,train
133,Could you ship this soon ? really,ğŸ¤—,mindblown,polite,train
134,Noted. Let me know if you need help.,ğŸ™‚,,polite,train
135,Could you update this before standup ? note,ğŸ˜„,medal,polite,val
136,"Can you redo this soon, ? note",,pinch,polite,train
137,"Thanks, Got it. add a note really",ğŸ’–,chart-up,polite,train
138,This is helpful. Could you also update the other part? time,ğŸ˜,ok,polite,train
139,Please finish the idea now. gentle,ğŸ™Œ,satellite,polite,test
140,"Hi, your work looks clear. firm",ğŸ‰,calendar,polite,train
141,"I deployed it; All good, ping me if stuck. work",âœ¨,zzz,polite,train
142,I appreciate the PR. again,ğŸ˜,cross,polite,train
143,All good. Let me know if you need help. ping,ğŸ™‚,,polite,train
144,It would be clear if you can clean it tomorrow. help,âœ¨,satellite,polite,val
145,I appreciate the ticket. okay,âœ¨,explode,polite,train
146,"Can you send this soon, please? update",ğŸ’–,bulb,polite,train
147,"I sent it; Got it, send me the link. clarify",,paperclip,polite,val
148,"Can you deploy this now, please? time",ğŸ™,,polite,val
149,Understood. Let me know if you need help.,ğŸ‘,tea,polite,train
150,"I explained it; All good, add a note.",ğŸ˜Š,100,polite,train
151,"I sent it; Understood, we can sync later. tone",,sleepy,polite,val
152,"Hey, your doc looks careful. again",ğŸ‰,tada,polite,train
153,Please update the doc tomorrow. maybe,ğŸ‘,bulb,polite,train
154,"Hi, your update looks careful. wow",ğŸ˜•,hmm,polite,train
155,Please review the PR today.,âœ¨,hug,polite,train
156,"Can you send this soon, ?",ğŸ¤—,neutral,polite,train
157,It would be fine if you can ship it after lunch. now,ğŸ˜„,cheers,polite,test
158,Could you check this after lunch ? help,ğŸ˜„,cheers,polite,train
159,I appreciate the update.,âœ¨,boo-hard,polite,train
160,"Thanks, Okay. please share the details wow",ğŸ™,,polite,val
161,I appreciate the branch. send,ğŸ‰,party-popper,polite,test
162,"Can you fix this before standup, ? sure",ğŸ˜Š,idea,polite,test
163,Understood. Let me know if you need help. maybe,ğŸ¤,sunglasses,polite,train
164,"Thanks for the PR, that was helpful. gentle",ğŸ™,applause,polite,train
165,This is careful. Could you also confirm the other part?,,key,polite,train
166,It would be nice if you can update it after lunch.,ğŸ˜Œ,facepalm-hard,polite,train
167,It would be solid if you can send it when you can. ship,âœ¨,boom-hard,polite,test
168,"Thanks for the idea, that was great. great",ğŸ˜•,music,polite,train
169,Please confirm the doc after lunch. firm,ğŸ˜„,bell,polite,train
170,"I reviewed it; Okay, we can sync later. help",âœ¨,,polite,train
171,Could you redo this next hour ? context,ğŸ˜,thumbs-down,polite,val
172,Please clarify the ticket next hour. stop,,sunglasses,polite,train
173,"Can you finish this today, please?",ğŸ˜,explode,polite,train
174,"I clarified it; Noted, please share the details. version",ğŸ˜,link,polite,train
175,Please confirm the doc tomorrow.,ğŸ‘,ok,polite,train
176,"Can you deploy this after lunch, please? okay",ğŸ¤—,applause,polite,train
177,I appreciate the report.,ğŸ¤©,bulb,polite,train
178,Got it. Let me know if you need help. explain,ğŸ¤©,cheers,polite,train
179,"Thanks, Makes sense. send me the link",ğŸ¤—,video,polite,train
180,"Thanks, All good. send me the link work",ğŸ˜•,guitar,polite,train
181,"Can you redo this now, ? context",ğŸ‘,huh,polite,train
182,"I cleaned it; Noted, please share the details. ping",ğŸ˜Œ,blush,polite,train
183,I appreciate the idea. send,ğŸ¥³,sleepy,polite,train
184,Please redo the doc now. gentle,ğŸ™‚,chart-up,polite,val
185,"Can you explain this next hour, ? really",,camera,polite,train
186,Please clarify the change today.,ğŸ˜Š,,polite,train
187,"Hi, your update looks fine. detail",âœ¨,,polite,val
188,"Can you clarify this by EOD, ?",ğŸ‘,cry,polite,test
189,It would be fine if you can clarify it ASAP. okay,ğŸ˜¬,wave,polite,train
190,Please review the update by EOD.,ğŸ˜„,wave,polite,test
191,"I checked it; Okay, send me the link.",ğŸ˜Š,yawn,polite,train
192,I appreciate the branch.,âœ¨,ok,polite,test
193,This is useful. Could you also review the other part?,ğŸ™Œ,ghost,polite,train
194,"Thanks, Okay. send me the link gentle",ğŸ™„,popcorn,polite,train
195,"I updated it; Understood, send me the link. redo",ğŸ™Œ,antenna,polite,train
196,"I finished it; Got it, please share the details. work",ğŸ‰,key,polite,train
197,This is careful. Could you also redo the other part?,ğŸ˜Œ,bell,polite,train
198,"Thanks, Makes sense. send me the link firm",ğŸ‰,wifi,polite,val
199,Please clarify the ticket before standup. update,ğŸ˜Š,chart-up,polite,train
200,"Thanks, Got it. please share the details check",,angry,polite,train
201,This is solid. Could you also fix the other part? sync,,zzz,polite,val
202,"I clarified it; All good, please share the details. tone",ğŸ‘,popcorn,polite,test
203,Please fix the patch soon.,ğŸ’–,cheers,polite,val
204,"I cleaned it; All good, I'll take it from here. version",ğŸ˜Š,thumbs-down,polite,train
205,Got it. Let me know if you need help.,ğŸ¤©,hug,polite,train
206,Makes sense. Let me know if you need help.,ğŸ¥³,trophy,polite,test
207,Okay. Let me know if you need help. tone,ğŸ’–,thumbs-up,polite,val
208,"Thanks, Okay. please share the details done",ğŸ™‚,alarm,polite,val
209,Got it. Let me know if you need help. clean,ğŸ™,popcorn,polite,train
210,This is polished. Could you also confirm the other part?,ğŸ™,boo,polite,train
211,I appreciate the task. deploy,ğŸ¤©,chart-up,polite,train
212,Could you redo this ASAP please?,âœ¨,cross,polite,train
213,"Can you ship this next hour, please? already",ğŸ¤,ok-hand,polite,train
214,Makes sense. Let me know if you need help. later,ğŸ˜,popcorn,polite,train
215,"I explained it; Noted, please share the details. ping",,music,polite,test
216,"Thanks for the report, that was nice. again",ğŸ¤¦,facepalm-hard,polite,train
217,I appreciate the ticket. sync,ğŸ˜Œ,yawn,polite,test
218,"Can you clean this ASAP, ? sarcasm",ğŸ¤¦,spark,polite,val
219,I appreciate the PR. check,ğŸ˜„,target,polite,train
220,"Hey, your report looks helpful. fix",ğŸ˜,clap,polite,val
221,It would be careful if you can redo it before standup.,ğŸ‘,,polite,train
222,This is helpful. Could you also check the other part?,ğŸ˜‰,pointer,polite,train
223,This is nice. Could you also send the other part?,ğŸ¤,cry,polite,train
224,I appreciate the change.,,mic-drop,polite,train
225,It would be fine if you can clarify it before standup. check,ğŸ˜•,guitar,polite,val
226,"Thanks, Okay. send me the link sarcasm",ğŸ¤,eyeroll,polite,train
227,"Thanks for the doc, that was thoughtful. thanks",ğŸ™‚,key,polite,train
228,"Thanks, All good. I'll take it from here sure",ğŸ™‚,rainbow,polite,train
229,I appreciate the patch. clarify,ğŸ˜‰,facepalm,polite,train
230,Please deploy the PR ASAP. sure,ğŸ¤—,lightbulb,polite,train
231,"I deployed it; Makes sense, I'll take it from here. review",ğŸ‘,lock,polite,val
232,It would be nice if you can clarify it by EOD.,ğŸ˜,,polite,train
233,"I cleaned it; Okay, I'll take it from here.",ğŸ¤—,rainbow,polite,val
234,Understood. Let me know if you need help. context,ğŸ¥³,hearts,polite,val
235,Could you ship this before standup ? firm,ğŸ˜Š,cry,polite,train
236,Could you explain this now ? redo,ğŸ¤,ok-hand,polite,train
237,Please finish the idea today.,âœ¨,,polite,train
238,I appreciate the task. already,ğŸ¥³,,polite,train
239,I appreciate the change. review,ğŸ¤—,clap,polite,train
240,"I fixed it; Understood, we can sync later. work",ğŸ˜¬,calendar,polite,train
241,Could you review this after lunch ? gentle,ğŸ¤©,chain,polite,val
242,"Thanks, Makes sense. ping me if stuck stop",ğŸ™„,hourglass,polite,test
243,Could you check this before standup ? deploy,ğŸ˜,rocket,polite,val
244,It would be solid if you can send it soon. sync,ğŸ™‚,applause,polite,test
245,This is helpful. Could you also finish the other part?,âœ¨,,polite,train
246,Please explain the patch after lunch. idea,ğŸ‘,,polite,train
247,"Thanks for the task, that was great.",ğŸ¥³,rocket,polite,val
248,"Thanks for the ticket, that was great. nice",ğŸ¤©,sleepy,polite,train
249,Could you confirm this tomorrow ?,ğŸ˜,applause,polite,train
250,"Thanks for the branch, that was solid. wow",ğŸ‘,,polite,train
251,I appreciate the update. sarcasm,ğŸ™Œ,chip,polite,train
252,"Hello, your module looks nice.",ğŸ¤—,grimace,polite,test
253,This is helpful. Could you also check the other part? ping,ğŸ˜Œ,mindblown,polite,test
254,Makes sense. Let me know if you need help. work,ğŸ¤,bulb,polite,val
255,"Thanks for the ticket, that was great. help",ğŸ¤,,polite,train
256,"Thanks for the report, that was careful.",ğŸ‘,confused,polite,train
257,It would be fine if you can update it today. work,ğŸ¥³,salute,polite,train
258,"Can you explain this before standup, ?",ğŸ˜‰,,polite,train
259,"I sent it; Okay, ping me if stuck. send",,hourglass,polite,val
260,"Thanks, Understood. I'll take it from here review",ğŸ‘,eyeroll-hard,polite,train
261,Got it. Let me know if you need help.,ğŸ™,hourglass,polite,train
262,I appreciate the doc. review,ğŸ˜‰,rocket,polite,train
263,"Thanks for the work, that was great.",ğŸ¤©,,polite,val
264,"Thanks, Noted. please share the details okay",ğŸ˜,glow,polite,train
265,Please ship the ticket when you can. now,ğŸ¤,facepalm-hard,polite,train
266,I appreciate the change. now,ğŸ‰,dart,polite,train
267,Okay. Let me know if you need help. help,,cheers,polite,train
268,"Thanks for the update, that was helpful. firm",âœ¨,party,polite,val
269,"Thanks for the module, that was helpful. okay",ğŸ˜Š,popcorn,polite,train
270,"Thanks, Okay. send me the link",ğŸ™,dart,polite,test
271,I appreciate the branch. note,ğŸ˜Œ,trophy,polite,test
272,"Hey, your branch looks fine.",ğŸ’–,rocket,polite,train
273,This is clear. Could you also check the other part? version,ğŸ˜‰,,polite,train
274,I appreciate the idea.,ğŸ™‚,,polite,test
275,Please check the task soon. ship,ğŸ¤,shrug,polite,train
276,"Thanks, Noted. we can sync later",ğŸ¤,boo-hard,polite,train
277,Please clarify the PR by EOD.,ğŸ¤,zzz,polite,test
278,Could you update this ASAP ?,,hmm,polite,train
279,It would be thoughtful if you can finish it when you can.,ğŸ˜‰,salute,polite,train
280,Understood. Let me know if you need help.,ğŸ˜¬,,polite,val
281,Could you clean this after lunch please? now,ğŸ‘,,polite,train
282,Makes sense. Let me know if you need help. sync,ğŸ¤—,alarm,polite,train
283,"I fixed it; All good, please share the details. thanks",ğŸ™,shrug,polite,val
284,"I reviewed it; Noted, please share the details. okay",ğŸ™‚,,polite,train
285,Okay. Let me know if you need help.,ğŸ˜‰,,polite,train
286,"I checked it; Understood, ping me if stuck. deploy",âœ¨,,polite,train
287,"Can you review this after lunch, please? context",ğŸ˜,cheers,polite,train
288,"Thanks, Makes sense. I'll take it from here",ğŸ’–,target,polite,train
289,It would be thoughtful if you can clarify it today. please,ğŸ˜Œ,zzz,polite,val
290,"Hello, your idea looks careful. sarcasm",ğŸ˜Œ,grimace,polite,train
291,Could you deploy this next hour ? maybe,ğŸ™Œ,guitar,polite,train
292,Makes sense. Let me know if you need help. work,ğŸ™Œ,mic-drop,polite,train
293,"Can you redo this ASAP, ?",ğŸ˜Œ,clap,polite,train
294,"Thanks, Got it. we can sync later",ğŸ™Œ,hourglass,polite,val
295,"Thanks for the work, that was careful.",âœ¨,,polite,train
296,"Can you clean this before standup, ? review",ğŸ™Œ,lightbulb,polite,test
297,Could you clean this now ? detail,ğŸ¤©,coffee,polite,train
298,All good. Let me know if you need help.,ğŸ¤©,ghost,polite,val
299,"Thanks for the patch, that was careful. detail",ğŸ˜,explode,polite,train
300,"Hello, your task looks solid.",ğŸ™Œ,satellite,polite,train
301,Please deploy the task before standup. ping,ğŸ˜„,dart,polite,train
302,"Can you redo this today, please? really",ğŸ¤,,polite,train
303,"Can you ship this before standup, please? please",ğŸ™‚,100,polite,train
304,"Hi, your patch looks thoughtful. redo",ğŸ’–,,polite,val
305,Please explain the change before standup.,ğŸ‘,boo-hard,polite,train
306,"Thanks, Okay. please share the details later",ğŸ¤—,celebrate,polite,train
307,Could you check this next hour ? check,ğŸ¤©,dart,polite,train
308,It would be fine if you can fix it before standup. time,ğŸ¤,grimace,polite,train
309,"Thanks, All good. ping me if stuck idea",ğŸ˜,target,polite,test
310,"I redid it; Okay, we can sync later.",ğŸ™‚,fire,polite,train
311,"I fixed it; Noted, add a note. thanks",ğŸ¤©,clap,polite,train
312,Please deploy the module soon.,ğŸ‘,coffee,polite,train
313,"Thanks, Understood. add a note",ğŸ™,,polite,train
314,"Thanks for the report, that was nice. okay",âœ¨,boom-hard,polite,test
315,"Thanks, Got it. ping me if stuck",ğŸ‘,thumbs-side,polite,train
316,Please fix the doc next hour. fine,ğŸ˜‰,thumbs-up,polite,test
317,"Can you explain this after lunch, please? nice",ğŸ˜‰,plug,polite,train
318,It would be polished if you can review it before standup. already,ğŸ˜,trophy,polite,val
319,"I cleaned it; Okay, send me the link.",ğŸ™,sunglasses,polite,train
320,"Hey, your idea looks useful. later",ğŸ˜‰,neutral,polite,train
321,"Thanks, All good. send me the link check",ğŸ˜,skull,polite,train
322,"Thanks for the PR, that was useful. sure",,unlock,polite,train
323,This is careful. Could you also confirm the other part? thanks,ğŸ’–,rocket,polite,train
324,This is clear. Could you also explain the other part? ship,ğŸ¤,chain,polite,train
325,I appreciate the report. context,ğŸ™,eyeroll-hard,polite,train
326,"Hey, your idea looks useful. help",ğŸ‘,,polite,val
327,"Can you send this when you can, ?",ğŸ¤,coffee,polite,train
328,Please deploy the module ASAP. time,ğŸ˜,star,polite,train
329,Makes sense. Let me know if you need help. sync,ğŸ˜•,thumbs-side,polite,train
330,"Can you send this after lunch, ?",ğŸ˜•,,polite,train
331,"Thanks for the module, that was clear. ship",ğŸ˜‰,coffee,polite,test
332,This is great. Could you also fix the other part? wow,ğŸ‘,medal,polite,train
333,"I explained it; Understood, please share the details. great",ğŸ‘,key,polite,train
334,"Hi, your task looks nice. help",ğŸ‰,zzz,polite,train
335,Got it. Let me know if you need help. thanks,ğŸ˜Œ,,polite,train
336,I appreciate the idea. clarify,ğŸ‘,skull,polite,train
337,"Thanks for the PR, that was thoughtful. context",ğŸ™Œ,rocket,polite,train
338,"Hello, your report looks useful.",ğŸ™,,polite,test
339,Please redo the module ASAP.,ğŸ‘,star,polite,train
340,It would be solid if you can confirm it next hour. context,ğŸ¥³,dart,polite,test
341,"I sent it; Makes sense, I'll take it from here. fine",ğŸ˜‰,thumbs-down,polite,train
342,"Thanks, Understood. ping me if stuck sure",ğŸ˜‰,glow,polite,train
343,"I fixed it; All good, ping me if stuck.",ğŸ¥³,question,polite,train
344,Could you review this when you can ? thanks,ğŸ™,link,polite,test
345,All good. Let me know if you need help. clean,ğŸ™,hourglass,polite,train
346,Please update the work next hour. check,ğŸ‘,trophy,polite,test
347,Could you ship this after lunch please? context,ğŸ˜‰,boom,polite,train
348,"Thanks for the patch, that was helpful. wow",ğŸ‰,pointer,polite,val
349,This is fine. Could you also fix the other part? sync,ğŸ‘,paperclip,polite,val
350,"Can you check this before standup, please? fine",ğŸ’–,antenna,polite,train
351,"Can you fix this after lunch, please? later",ğŸ˜„,fire,polite,train
352,Makes sense. Let me know if you need help. ping,ğŸ™‚,neutral,polite,train
353,"Hello, your PR looks clear.",ğŸ˜•,mic-drop,polite,train
354,This is polished. Could you also explain the other part? again,ğŸ‰,,polite,train
355,It would be solid if you can confirm it before standup.,ğŸ‘,target,polite,train
356,This is great. Could you also check the other part?,ğŸ˜Š,wave,polite,train
357,All good. Let me know if you need help.,ğŸ˜Œ,,polite,train
358,"Hello, your branch looks fine. sarcasm",ğŸ™,boo,polite,train
359,I appreciate the update.,ğŸ‘,ghost,polite,val
360,Please review the module today.,ğŸ™‚,glow,polite,train
361,It would be nice if you can ship it when you can. now,ğŸ˜,pray,polite,train
362,Could you confirm this next hour please?,ğŸ¤©,hmm,polite,train
363,"Thanks for the PR, that was nice. gentle",ğŸ¤,nerd,polite,train
364,Got it. Let me know if you need help.,ğŸ‘,sleepy,polite,train
365,"Thanks for the idea, that was fine. explain",ğŸ˜‰,chart-down,polite,train
366,It would be helpful if you can ship it ASAP. tone,ğŸ™,skull,polite,train
367,I appreciate the PR.,ğŸ¤©,celebrate,polite,test
368,"Hello, your branch looks fine. check",ğŸ¤©,,polite,train
369,"Hey, your report looks solid. okay",âœ¨,eyerub,polite,train
370,"Can you fix this soon, please? deploy",ğŸ™„,yawn,polite,train
371,"Hey, your change looks thoughtful. update",ğŸ˜,boom,polite,train
372,"Thanks for the patch, that was great. firm",ğŸ˜,,polite,train
373,Got it. Let me know if you need help. time,âœ¨,,polite,test
374,"Thanks for the change, that was great.",ğŸ¤—,lock,polite,val
375,"Can you explain this when you can, please? help",âœ¨,clap,polite,train
376,It would be fine if you can redo it before standup.,âœ¨,fire,polite,train
377,"Thanks for the idea, that was careful. review",ğŸ¤,ok,polite,val
378,"Can you clean this when you can, please? note",ğŸ‰,thumbs-side,polite,train
379,Could you confirm this when you can ? stop,ğŸ˜„,zzz,polite,val
380,"Hello, your report looks useful. detail",ğŸ˜‰,facepalm-hard,polite,test
381,"I fixed it; Makes sense, please share the details. already",ğŸ™,party-popper,polite,train
382,I appreciate the task.,ğŸ¤¦,thumbs-down,polite,train
383,It would be fine if you can explain it today.,ğŸ™‚,wave,polite,train
384,Could you redo this tomorrow please? thanks,âœ¨,,polite,train
385,Understood. Let me know if you need help. please,ğŸ˜,pray,polite,val
386,"Thanks for the patch, that was clear. great",ğŸ™,rocket,polite,test
387,Please clarify the idea when you can.,ğŸ‰,trophy,polite,val
388,"Thanks, Okay. I'll take it from here help",,unlock,polite,test
389,Could you update this when you can please? sarcasm,ğŸ‰,slow-clap,polite,train
390,It would be thoughtful if you can deploy it before standup. now,ğŸ¤—,party-popper,polite,test
391,"Thanks, Makes sense. ping me if stuck",ğŸ’–,zzz,polite,train
392,This is nice. Could you also redo the other part? maybe,âœ¨,guitar,polite,val
393,"I checked it; Okay, please share the details.",ğŸ˜Š,,polite,val
394,"Can you explain this by EOD, ? deploy",ğŸ¤©,sparkles,polite,train
395,"Can you review this when you can, please? fix",ğŸ¤,eyeroll-hard,polite,train
396,"Hello, your update looks useful. version",ğŸ™„,,polite,train
397,This is helpful. Could you also redo the other part? check,ğŸ˜•,sigh,polite,train
398,I appreciate the idea. update,ğŸ˜‰,,polite,val
399,I appreciate the patch.,ğŸ˜Œ,bell,polite,train
400,Got it. Let me know if you need help. version,ğŸ’–,confused,polite,train
401,"Hello, your doc looks useful.",ğŸ˜„,boom-hard,polite,val
402,Please deploy the PR after lunch. work,ğŸ™‚,angry,polite,test
403,I appreciate the branch.,ğŸ‘,music,polite,val
404,"Thanks for the idea, that was solid. please",ğŸ¤,unlock,polite,train
405,Makes sense. Let me know if you need help. wow,,,polite,train
406,"Can you deploy this now, please? work",ğŸ™Œ,,polite,train
407,This is helpful. Could you also deploy the other part? context,ğŸ˜Š,,polite,val
408,"I explained it; All good, please share the details. later",ğŸ˜Œ,target,polite,train
409,"Thanks for the update, that was thoughtful. maybe",ğŸ¤,unlock,polite,train
410,"I deployed it; Noted, we can sync later.",ğŸ¤—,calendar,polite,train
411,Please deploy the PR by EOD. clean,ğŸ˜‰,party,polite,val
412,"I reviewed it; Makes sense, send me the link. again",ğŸ¤©,angry,polite,train
413,Please review the module today. already,âœ¨,bicep,polite,train
414,Please ship the ticket before standup.,,wink,polite,test
415,It would be nice if you can clean it after lunch.,ğŸ™‚,thumbs-up,polite,val
416,Please check the work now. deploy,ğŸ¥³,sleepy,polite,val
417,"Hello, your module looks clear. ping",ğŸ¤©,hmm,polite,train
418,"Thanks, Noted. add a note",ğŸ™„,boom,polite,train
419,Please explain the doc when you can. clean,âœ¨,,polite,val
420,It would be polished if you can review it soon. deploy,âœ¨,spark,polite,train
421,"I sent it; Got it, we can sync later. clean",ğŸ¤©,chip,polite,train
422,"Can you redo this next hour, ?",ğŸ’–,boo,polite,train
423,Please update the doc ASAP. time,âœ¨,spark,polite,train
424,"I reviewed it; Okay, ping me if stuck. context",ğŸ™Œ,,polite,train
425,"Hello, your branch looks careful. gentle",ğŸ¤,hug,polite,train
426,Makes sense. Let me know if you need help. nice,ğŸ˜‰,camera,polite,train
427,All good. Let me know if you need help. fix,ğŸ‘,gasp,polite,train
428,"Hi, your PR looks great. stop",ğŸ˜„,,polite,test
429,"I sent it; Makes sense, add a note. sure",ğŸ˜Œ,question,polite,train
430,Noted. Let me know if you need help.,ğŸ™‚,mic-drop,polite,train
431,Noted. Let me know if you need help.,ğŸ˜Œ,eyeroll-hard,polite,train
432,"Thanks, All good. send me the link detail",ğŸ˜,star2,polite,train
433,"I reviewed it; Noted, I'll take it from here. gentle",ğŸ™‚,thumbs-side,polite,train
434,Makes sense. Let me know if you need help.,ğŸ‘,,polite,train
435,This is solid. Could you also finish the other part?,ğŸ¥³,zzz,polite,train
436,"Thanks for the module, that was useful.",ğŸ¤,calendar,polite,test
437,"Thanks, Got it. we can sync later note",ğŸ¤,popcorn,polite,train
438,"Can you finish this tomorrow, ? clean",ğŸ‘,slow-clap,polite,train
439,This is polished. Could you also deploy the other part? nice,ğŸ¥³,salute,polite,val
440,I appreciate the doc. sure,ğŸ¤,chart-down,polite,train
441,It would be fine if you can send it now.,ğŸ˜Œ,tears-of-joy,polite,train
442,Could you clean this now please? sarcasm,ğŸ¤,key,polite,val
443,Okay. Let me know if you need help. please,ğŸ¤©,applause,polite,train
444,"Thanks for the module, that was useful. firm",ğŸ‘,cry,polite,train
445,"Thanks, Makes sense. ping me if stuck",ğŸ‘,lock,polite,train
446,Please explain the task now.,ğŸ¤,,polite,train
447,Please deploy the work tomorrow. fine,ğŸ¤,sigh,polite,train
448,Okay. Let me know if you need help. already,ğŸ‘,sleepy,polite,train
449,It would be solid if you can update it ASAP. fine,ğŸ˜Š,thumbs-down,polite,train
450,Okay. Let me know if you need help.,ğŸ‰,tears-of-joy,polite,train
451,It would be fine if you can clean it now.,ğŸ‘,,polite,train
452,"Hello, your task looks thoughtful.",ğŸ¤¦,camera,polite,train
453,"Hey, your report looks great. time",,sunglasses,polite,val
454,I appreciate the change.,ğŸ‘,tea,polite,train
455,"Thanks for the branch, that was fine. time",ğŸ˜„,,polite,test
456,Got it. Let me know if you need help.,ğŸ˜‰,whistle,polite,test
457,"Can you update this today, please? clarify",ğŸ¤—,huh,polite,train
458,"Hey, your task looks thoughtful.",ğŸ‘,hourglass,polite,train
459,This is great. Could you also clarify the other part? sarcasm,,,polite,test
460,This is great. Could you also ship the other part? send,,ok-hand,polite,test
461,I appreciate the patch.,ğŸ¥³,guitar,polite,val
462,Noted. Let me know if you need help. fix,ğŸ‘,rocket,polite,test
463,Please ship the ticket ASAP. sure,ğŸ¤©,tears-of-joy,polite,train
464,"I updated it; Okay, I'll take it from here. deploy",âœ¨,party,polite,val
465,Please clean the work today. gentle,ğŸ™,,polite,train
466,It would be solid if you can send it next hour. context,ğŸ˜,guitar,polite,train
467,"Can you redo this before standup, ? maybe",,chart-down,polite,test
468,Please review the PR next hour.,ğŸ˜,sweat,polite,train
469,"I reviewed it; Makes sense, ping me if stuck. tone",ğŸ˜•,cry,polite,train
470,"Hi, your module looks solid. stop",ğŸ˜‰,calendar,polite,train
471,I appreciate the change.,ğŸ‘,idea,polite,train
472,Please explain the PR now.,âœ¨,sleepy,polite,test
473,"Thanks for the branch, that was helpful. context",ğŸ‘,boom-hard,polite,val
474,Please finish the doc next hour. again,ğŸ™‚,pointer,polite,train
475,This is useful. Could you also check the other part?,ğŸ˜„,gasp,polite,test
476,"Thanks, Got it. add a note",ğŸ™‚,popcorn,polite,test
477,"Hello, your PR looks great. context",ğŸ‘,slow-clap,polite,test
478,It would be careful if you can explain it ASAP. time,ğŸ¤,calendar,polite,train
479,"Can you review this after lunch, ? check",ğŸ¥³,alarm,polite,train
480,"Thanks, Got it. ping me if stuck tone",ğŸ˜‰,popcorn,polite,train
481,Understood. Let me know if you need help. nice,ğŸ¤©,100,polite,train
482,I appreciate the change. again,ğŸ¤©,mindblown,polite,train
483,Please explain the change next hour.,ğŸ˜Œ,hug,polite,train
484,"Thanks, Got it. we can sync later fine",ğŸ˜Œ,guitar,polite,train
485,This is clear. Could you also review the other part?,ğŸ˜Š,target,polite,test
486,"Can you send this by EOD, please? check",ğŸ‘,cry,polite,train
487,I appreciate the branch. wow,ğŸ‰,facepalm,polite,train
488,It would be thoughtful if you can check it today. check,ğŸ¤¦,medal,polite,train
489,It would be clear if you can explain it when you can. send,ğŸ™‚,dart,polite,val
490,Please confirm the task ASAP. maybe,ğŸ‘,boo,polite,val
491,"Thanks for the update, that was thoughtful. again",ğŸ˜Š,link,polite,train
492,"I finished it; Understood, ping me if stuck. sarcasm",,boo,polite,test
493,Okay. Let me know if you need help. context,ğŸ™‚,,polite,test
494,Please deploy the work now. thanks,ğŸ¤¦,star,polite,train
495,This is fine. Could you also explain the other part? firm,ğŸ‘,hourglass,polite,train
496,Could you clarify this by EOD please? update,ğŸ™Œ,,polite,train
497,"Hey, your work looks fine. sarcasm",ğŸ˜‰,ghost,polite,val
498,I appreciate the task. version,ğŸ˜Œ,wave,polite,train
499,I appreciate the doc. update,ğŸ˜‰,ok-hand,polite,test
500,Makes sense. Let me know if you need help. okay,ğŸ‘,thumbs-down,polite,train
501,This idea is confusing. make it right. gentle,ğŸ’¢,tears-of-joy,impolite,train
502,"Sure, thanks for nothing. sync",ğŸ˜’,huh,impolite,train
503,That work? messy. fix it.,ğŸ¤¦,gasp,impolite,test
504,"Amazing, confirm it tomorrow, obviously. okay",ğŸ˜,thumbs-down,impolite,train
505,"Right, thanks for nothing.",ğŸ˜‰,whistle,impolite,test
506,"Right, ship it tomorrow, obviously. clarify",âœ¨,huh,impolite,val
507,"Wow, clarify it by EOD, obviously. clean",ğŸ˜¡,alarm,impolite,train
508,That change? unacceptable. make it right.,ğŸ˜•,hearts,impolite,train
509,This idea is messy. do it properly. okay,ğŸ˜“,,impolite,test
510,This change is messy. do it properly.,ğŸ˜¬,target,impolite,val
511,Sure. and do it properly. note,ğŸ˜’,wave,impolite,test
512,Why is this still not checked? firm,ğŸ˜¤,ghost,impolite,train
513,"Nice, clean it by EOD, obviously.",ğŸ’¢,facepalm-hard,impolite,train
514,This ticket is unacceptable. clean it up.,ğŸ˜¤,eyeroll-hard,impolite,train
515,Okay. and clean it up.,ğŸ˜¡,rainbow,impolite,train
516,"Nice, thanks for nothing.",ğŸ˜,sleepy,impolite,train
517,That work? careless. redo it. please,ğŸ˜¡,cry,impolite,train
518,That change? rushed. fix it. explain,ğŸ˜¤,100,impolite,train
519,This update is unacceptable. clean it up. sync,,wave,impolite,train
520,You reviewed it? Whatever. check the guide. version,ğŸ˜ ,skull,impolite,train
521,That work? not great. do it properly. later,ğŸ˜‘,whistle,impolite,test
522,"Nice, thanks for nothing.",ğŸ˜,victory,impolite,train
523,That module? confusing. do it properly. thanks,,music,impolite,train
524,"Great, thanks for nothing.",ğŸ˜,pray,impolite,train
525,"Wow, clean it now, obviously.",ğŸ¤¦,applause,impolite,val
526,"Nice, check it next hour, obviously. maybe",ğŸ˜ ,wifi,impolite,train
527,That PR? unclear. make it right. sure,ğŸ‘,boo,impolite,train
528,Yeah. and redo it. done,ğŸ˜•,trophy,impolite,train
529,Stop making it not great. clean it up.,ğŸ˜,hearts,impolite,train
530,You clarified it? Okay. follow the template.,ğŸ˜,skull,impolite,train
531,You deployed it? Fine. follow the template.,ğŸ˜,yawn,impolite,train
532,Be serious. Redo it today. sarcasm,ğŸ˜•,,impolite,train
533,Be serious. Do it properly ASAP. fix,ğŸ¤¦,lock,impolite,train
534,That change? unacceptable. fix it. help,ğŸ˜¤,camera,impolite,train
535,Why is this still not checked? clean,ğŸ˜‘,salute,impolite,train
536,You redid it? Okay. read the doc.,ğŸ˜,chart-down,impolite,train
537,This module is careless. clean it up. context,ğŸ‘,angry,impolite,train
538,"Amazing, thanks for nothing. context",ğŸ˜,wink,impolite,train
539,You sent it? Yeah. read the doc. really,ğŸ¤¦,wink,impolite,train
540,"Amazing, thanks for nothing.",,,impolite,train
541,"Right, thanks for nothing. fix",ğŸ™‚,bell,impolite,val
542,Yeah. and do it again. gentle,ğŸ™„,,impolite,train
543,Okay. and clean it up. okay,ğŸ‘,guitar,impolite,train
544,Be serious. Redo it today. sure,ğŸ’¢,thumbs-down,impolite,train
545,Be serious. Make it right ASAP. work,ğŸ˜,,impolite,train
546,"Great, thanks for nothing.",,chart-down,impolite,train
547,This work is not great. do it properly. work,ğŸ˜’,boom,impolite,test
548,Stop making it confusing. do it again. firm,ğŸ˜,neutral,impolite,train
549,"Nice, deploy it today, obviously.",ğŸ˜’,huh,impolite,train
550,"Amazing, thanks for nothing. version",ğŸ˜’,mic-drop,impolite,train
551,"Wow, update it ASAP, obviously. maybe",ğŸ˜,lightbulb,impolite,train
552,You cleaned it? Okay. follow the template. stop,ğŸ˜’,nerd,impolite,train
553,Why is this still not redone? now,ğŸ˜¬,check,impolite,train
554,This module is rushed. do it properly. already,ğŸ˜¡,question,impolite,val
555,That doc? sloppy. redo it. firm,ğŸ˜,hearts,impolite,train
556,Stop making it sloppy. do it again. wow,ğŸ‘,bell,impolite,test
557,Stop making it confusing. redo it. now,ğŸ˜,paperclip,impolite,val
558,"Amazing, review it now, obviously. okay",ğŸ˜¤,hourglass,impolite,train
559,That update? rushed. do it again. sync,ğŸ¤¦,rainbow,impolite,train
560,This PR is rushed. clean it up. confirm,ğŸ˜,chain,impolite,train
561,Be serious. Fix it when you can. deploy,ğŸ˜’,popcorn,impolite,test
562,You cleaned it? Fine. learn the process. help,ğŸ˜ ,fire,impolite,test
563,That update? rushed. redo it. already,ğŸ’¢,yawn,impolite,test
564,Right. and do it again.,ğŸ™‚,ok,impolite,val
565,That ticket? careless. do it properly.,ğŸ’¢,party,impolite,test
566,Okay. and clean it up.,ğŸ˜,blush,impolite,test
567,Be serious. Do it properly after lunch. again,ğŸ™„,nerd,impolite,test
568,This doc is messy. do it properly. again,ğŸ˜,,impolite,train
569,This doc is half-done. do it again.,ğŸ˜•,,impolite,train
570,"Great, thanks for nothing. fine",ğŸ¤¦,angry,impolite,train
571,Be serious. Do it properly ASAP. explain,ğŸ˜•,boo-hard,impolite,train
572,"Amazing, update it next hour, obviously.",ğŸ˜•,zzz,impolite,train
573,Stop making it rushed. do it again. detail,ğŸ˜“,salute,impolite,train
574,"Great, thanks for nothing.",ğŸ˜¤,,impolite,test
575,That task? rushed. do it again. fix,ğŸ˜‘,check,impolite,val
576,Okay. and fix it. stop,ğŸ¤¦,eyerub,impolite,train
577,Stop making it sloppy. redo it.,ğŸ˜ ,,impolite,train
578,Be serious. Do it again after lunch. fix,ğŸ˜‰,cheers,impolite,val
579,This work is not great. fix it. wow,ğŸ™„,slow-clap,impolite,train
580,"Nice, thanks for nothing. version",ğŸ˜‰,zzz,impolite,train
581,Be serious. Make it right by EOD. work,ğŸ˜’,,impolite,train
582,That task? messy. fix it. stop,ğŸ˜“,,impolite,train
583,Why is this still not fixed?,ğŸ‘,lightbulb,impolite,train
584,"Great, clarify it by EOD, obviously.",ğŸ™„,bulb,impolite,train
585,Right. and fix it.,ğŸ˜¬,boo-hard,impolite,train
586,Why is this still not checked? firm,ğŸ˜¬,eyeroll,impolite,train
587,Be serious. Do it properly ASAP.,ğŸ˜’,chart-up,impolite,train
588,Okay. and do it properly. please,ğŸ’¢,thumbs-up,impolite,train
589,This change is rushed. make it right. already,ğŸ˜’,,impolite,train
590,"Wow, check it today, obviously.",ğŸ™‚,hearts,impolite,train
591,Stop making it rushed. redo it. nice,ğŸ˜ ,chart-down,impolite,train
592,Why is this still not checked? help,ğŸ˜‰,drum,impolite,train
593,"Nice, thanks for nothing.",ğŸ‘,chain,impolite,test
594,Why is this still not deployed?,ğŸ˜,eyeroll,impolite,train
595,"Wow, thanks for nothing. sync",ğŸ˜’,,impolite,train
596,"Amazing, update it by EOD, obviously.",ğŸ‘,mic-drop,impolite,train
597,That branch? rushed. clean it up. explain,ğŸ¤¦,sweat,impolite,train
598,"Sure, thanks for nothing.",ğŸ˜¡,lightbulb,impolite,train
599,Fine. and do it properly. tone,ğŸ˜•,cheers,impolite,train
600,You redid it? Right. read the doc. ship,ğŸ˜•,hearts,impolite,train
601,Why is this still not checked? explain,ğŸ™„,guitar,impolite,test
602,Be serious. Fix it before standup. really,,sleepy,impolite,train
603,Fine. and redo it. clarify,ğŸ˜¤,link,impolite,train
604,Stop making it unacceptable. make it right.,ğŸ˜,pointer,impolite,train
605,Be serious. Do it properly before standup. help,ğŸ‘,sweat,impolite,train
606,That change? confusing. fix it. please,ğŸ˜¬,100,impolite,train
607,This module is rushed. make it right.,ğŸ’¢,,impolite,train
608,This branch is careless. redo it.,ğŸ˜,,impolite,val
609,That patch? confusing. redo it.,ğŸ˜‘,,impolite,train
610,"Sure, thanks for nothing.",ğŸ¤¦,unlock,impolite,val
611,You explained it? Fine. follow the template. deploy,ğŸ˜,eyerub,impolite,train
612,Be serious. Fix it now. clarify,ğŸ’¢,drum,impolite,train
613,You cleaned it? Sure. learn the process. idea,ğŸ˜,blush,impolite,val
614,Be serious. Make it right tomorrow. thanks,âœ¨,,impolite,train
615,That idea? unclear. make it right.,ğŸ˜ ,check,impolite,test
616,Be serious. Fix it after lunch.,ğŸ˜,,impolite,train
617,That ticket? confusing. do it again.,ğŸ’¢,medal,impolite,train
618,That task? half-done. clean it up. sync,ğŸ‘,,impolite,train
619,This task is careless. do it properly. done,ğŸ’¢,shrug,impolite,train
620,This task is unclear. do it again. great,ğŸ‘,question,impolite,val
621,Stop making it careless. make it right.,ğŸ˜‰,rainbow,impolite,train
622,That change? messy. do it properly. help,ğŸ˜•,salute,impolite,train
623,This change is careless. do it properly.,ğŸ˜,mindblown,impolite,train
624,Why is this still not finished?,ğŸ˜“,rainbow,impolite,train
625,Stop making it half-done. do it again. review,ğŸ™‚,cross,impolite,val
626,Be serious. Make it right tomorrow. wow,âœ¨,key,impolite,train
627,Stop making it confusing. make it right.,ğŸ˜¬,skull,impolite,train
628,"Sure, review it when you can, obviously.",ğŸ˜¤,applause,impolite,val
629,Why is this still not cleaned?,ğŸ˜,guitar,impolite,train
630,That work? rushed. do it again. fix,ğŸ˜¬,bicep,impolite,train
631,Stop making it half-done. do it again.,ğŸ˜¡,music,impolite,train
632,This ticket is messy. do it again.,ğŸ˜ ,slow-clap,impolite,train
633,Right. and do it again.,ğŸ˜“,cry,impolite,val
634,This change is messy. do it again. update,ğŸ¤¦,rocket,impolite,train
635,Okay. and redo it. send,ğŸ˜¡,cross,impolite,train
636,This change is half-done. do it properly. fine,ğŸ¤¦,skull,impolite,train
637,Why is this still not deployed?,ğŸ¤¦,chart-up,impolite,train
638,"Amazing, deploy it now, obviously. now",ğŸ˜•,boo-hard,impolite,val
639,Be serious. Clean it up ASAP.,ğŸ˜,,impolite,train
640,Why is this still not explained? sure,ğŸ˜¤,applause,impolite,val
641,Why is this still not redone? review,ğŸ™„,alarm,impolite,train
642,Why is this still not clarified? redo,ğŸ˜•,note,impolite,val
643,"Sure, thanks for nothing. really",ğŸ˜‰,neutral,impolite,val
644,Sure. and make it right.,ğŸ˜‘,,impolite,train
645,Be serious. Redo it next hour. okay,ğŸ‘,,impolite,train
646,Stop making it unacceptable. fix it.,ğŸ˜•,guitar,impolite,val
647,"Wow, explain it tomorrow, obviously. ping",ğŸ˜“,applause,impolite,test
648,Stop making it unacceptable. do it properly. really,ğŸ˜,rocket,impolite,test
649,"Great, thanks for nothing. help",ğŸ˜,tears-of-joy,impolite,val
650,Why is this still not fixed? deploy,ğŸ˜,unlock,impolite,train
651,You clarified it? Yeah. read the doc. now,ğŸ˜•,satellite,impolite,train
652,Be serious. Do it properly soon. great,ğŸ˜‘,tada,impolite,train
653,"Right, explain it when you can, obviously. deploy",ğŸ˜¤,slow-clap,impolite,train
654,Be serious. Do it again tomorrow.,ğŸ˜ ,party-popper,impolite,train
655,Be serious. Fix it next hour.,ğŸ¤¦,satellite,impolite,val
656,This work is confusing. do it properly.,ğŸ˜¬,,impolite,train
657,Fine. and make it right. help,ğŸ˜¬,salute,impolite,train
658,Stop making it half-done. do it again. great,ğŸ˜•,sleepy,impolite,train
659,You finished it? Okay. try again properly.,ğŸ¤¦,ghost,impolite,train
660,This report is careless. fix it. sarcasm,ğŸ˜¤,check,impolite,train
661,Stop making it not great. redo it. review,ğŸ˜¬,,impolite,train
662,You updated it? Yeah. follow the template. fix,,angry,impolite,test
663,"Right, thanks for nothing. clarify",ğŸ˜ ,,impolite,train
664,Why is this still not fixed?,ğŸ˜¡,,impolite,test
665,Stop making it half-done. make it right. ship,ğŸ‘,wave,impolite,train
666,Stop making it unclear. fix it. already,ğŸ˜‘,antenna,impolite,train
667,This work is not great. do it properly. context,ğŸ˜,,impolite,train
668,Whatever. and clean it up. send,ğŸ™‚,,impolite,train
669,Be serious. Redo it ASAP.,ğŸ¤¦,chart-down,impolite,train
670,Stop making it messy. clean it up. note,ğŸ‘,popcorn,impolite,train
671,"Nice, explain it soon, obviously.",ğŸ™„,explode,impolite,train
672,Why is this still not updated?,ğŸ˜,shrug,impolite,val
673,Be serious. Make it right after lunch. version,ğŸ˜ ,slow-clap,impolite,train
674,Why is this still not checked?,ğŸ˜‘,neutral,impolite,train
675,"Right, thanks for nothing.",ğŸ˜¬,facepalm-hard,impolite,test
676,That change? unclear. fix it. firm,ğŸ˜¬,trophy,impolite,train
677,Be serious. Make it right before standup. context,ğŸ˜“,,impolite,val
678,That change? unacceptable. make it right. nice,ğŸ˜,pointer,impolite,train
679,Stop making it unacceptable. redo it. sync,ğŸ¤¦,sleepy,impolite,train
680,Whatever. and redo it. stop,ğŸ˜•,,impolite,train
681,This report is confusing. make it right.,ğŸ˜ ,sigh,impolite,train
682,Be serious. Do it properly soon. maybe,ğŸ˜‰,boom-hard,impolite,test
683,You checked it? Whatever. check the guide. now,ğŸ˜,cry,impolite,train
684,"Right, finish it ASAP, obviously. nice",ğŸ˜•,hourglass,impolite,test
685,Why is this still not explained? confirm,ğŸ’¢,star2,impolite,train
686,"Wow, thanks for nothing. sarcasm",ğŸ‘,,impolite,train
687,Why is this still not redone? nice,ğŸ˜¬,salute,impolite,test
688,"Sure, deploy it tomorrow, obviously.",ğŸ˜’,star2,impolite,train
689,Why is this still not reviewed?,ğŸ˜,thumbs-up,impolite,train
690,Right. and make it right. time,ğŸ˜ ,gasp,impolite,train
691,You explained it? Right. follow the template. confirm,âœ¨,,impolite,val
692,Whatever. and fix it. ping,ğŸ˜¤,trophy,impolite,val
693,This ticket is rushed. do it again. clarify,ğŸ˜¡,clap,impolite,train
694,That doc? not great. clean it up. note,ğŸ˜,satellite,impolite,train
695,Stop making it careless. do it again. really,ğŸ˜,,impolite,train
696,"Right, thanks for nothing.",ğŸ˜¤,boom-hard,impolite,train
697,That idea? rushed. clean it up.,ğŸ™„,boom,impolite,train
698,This doc is messy. make it right. note,ğŸ˜,,impolite,train
699,Why is this still not deployed? again,ğŸ˜¬,boo-hard,impolite,val
700,This work is half-done. redo it.,ğŸ˜’,huh,impolite,test
701,That ticket? unacceptable. do it again. deploy,ğŸ˜•,nerd,impolite,test
702,"Wow, clean it today, obviously. done",ğŸ˜¤,boo,impolite,test
703,"Sure, clarify it now, obviously. deploy",ğŸ˜,yawn,impolite,test
704,Stop making it unacceptable. do it properly. okay,ğŸ˜,eyerub,impolite,train
705,This doc is unclear. do it properly. maybe,ğŸ˜,eyeroll,impolite,train
706,This PR is confusing. clean it up. check,ğŸ˜“,lock,impolite,train
707,Okay. and redo it. help,ğŸ˜¤,cheers,impolite,train
708,"Amazing, clarify it before standup, obviously. redo",ğŸ’¢,,impolite,train
709,Stop making it rushed. clean it up. review,ğŸ˜•,sweat,impolite,train
710,This idea is half-done. fix it. nice,ğŸ˜ ,sunglasses,impolite,val
711,Why is this still not fixed? ship,,huh,impolite,train
712,"Right, thanks for nothing. confirm",âœ¨,pointer,impolite,train
713,Yeah. and fix it. explain,ğŸ˜•,zzz,impolite,train
714,Why is this still not cleaned? clarify,ğŸ™„,zzz,impolite,train
715,Stop making it unacceptable. redo it. note,,note,impolite,train
716,"Sure, finish it now, obviously.",ğŸ’¢,hourglass,impolite,train
717,This ticket is not great. do it properly.,ğŸ˜•,,impolite,train
718,Be serious. Make it right today. maybe,ğŸ˜,shrug,impolite,train
719,Be serious. Redo it ASAP. fix,ğŸ™„,nerd,impolite,train
720,Be serious. Redo it now. idea,ğŸ˜¤,eyeroll-hard,impolite,test
721,Be serious. Make it right next hour.,ğŸ˜,zzz,impolite,train
722,You explained it? Right. learn the process. clarify,ğŸ’¢,pointer,impolite,train
723,Okay. and redo it.,ğŸ˜¬,,impolite,train
724,"Sure, thanks for nothing.",ğŸ˜•,trophy,impolite,train
725,"Right, thanks for nothing. already",ğŸ˜¬,sweat,impolite,test
726,Right. and clean it up. tone,ğŸ˜ ,,impolite,test
727,"Nice, send it after lunch, obviously. now",ğŸ˜’,wink,impolite,test
728,"Nice, thanks for nothing.",ğŸ™„,nerd,impolite,test
729,Why is this still not redone? thanks,,,impolite,train
730,You finished it? Right. slow down and think. nice,ğŸ™‚,coffee,impolite,test
731,"Nice, thanks for nothing. context",ğŸ˜¤,hearts,impolite,train
732,You finished it? Yeah. read the doc. clean,ğŸ˜¤,calendar,impolite,train
733,That work? messy. fix it. clarify,ğŸ˜,,impolite,train
734,Why is this still not sent? time,ğŸ˜“,hug,impolite,val
735,Yeah. and fix it. firm,ğŸ˜,,impolite,train
736,Stop making it rushed. make it right.,ğŸ˜•,grimace,impolite,val
737,"Wow, update it when you can, obviously. help",ğŸ¤¦,key,impolite,train
738,You cleaned it? Okay. slow down and think. check,ğŸ˜¡,,impolite,train
739,This change is half-done. clean it up. send,ğŸ˜¤,wink,impolite,test
740,You checked it? Right. slow down and think.,ğŸ˜,,impolite,train
741,Be serious. Redo it by EOD. tone,ğŸ˜,,impolite,train
742,Why is this still not checked? idea,ğŸ¤¦,,impolite,train
743,You deployed it? Whatever. check the guide.,,medal,impolite,val
744,That patch? messy. make it right.,ğŸ˜¡,unlock,impolite,train
745,Be serious. Do it properly ASAP. okay,ğŸ˜’,blush,impolite,val
746,Be serious. Clean it up after lunch. gentle,ğŸ‘,hmm,impolite,train
747,Okay. and do it properly. redo,ğŸ˜¤,calendar,impolite,train
748,Be serious. Clean it up soon. gentle,ğŸ˜‰,explode,impolite,test
749,You deployed it? Okay. follow the template. time,ğŸ˜,unlock,impolite,test
750,"Nice, deploy it today, obviously. explain",ğŸ˜,cross,impolite,train
751,"Right, thanks for nothing. update",,question,impolite,train
752,"Sure, thanks for nothing. time",ğŸ˜’,,impolite,train
753,That branch? not great. make it right.,ğŸ™„,huh,impolite,train
754,Be serious. Fix it ASAP. sync,ğŸ˜,,impolite,train
755,That ticket? confusing. fix it.,ğŸ˜,thumbs-side,impolite,train
756,"Great, thanks for nothing. version",âœ¨,mindblown,impolite,train
757,This change is messy. clean it up. fix,ğŸ‘,chain,impolite,train
758,That PR? rushed. make it right.,ğŸ˜“,tada,impolite,val
759,That report? sloppy. clean it up. clean,ğŸ˜“,,impolite,train
760,"Amazing, update it today, obviously. okay",ğŸ˜,eyeroll,impolite,train
761,"Right, finish it tomorrow, obviously. stop",ğŸ˜•,note,impolite,train
762,Fine. and clean it up.,ğŸ˜,question,impolite,train
763,Okay. and make it right. check,ğŸ˜¤,,impolite,train
764,Yeah. and fix it. explain,ğŸ‘,100,impolite,test
765,Why is this still not checked? nice,ğŸ˜‘,rainbow,impolite,train
766,Stop making it unacceptable. clean it up. explain,ğŸ˜,shrug,impolite,val
767,This PR is unclear. do it properly. fix,ğŸ˜‘,eyeroll-hard,impolite,val
768,That change? rushed. make it right. check,ğŸ‘,explode,impolite,train
769,This work is half-done. make it right. clarify,ğŸ˜“,chip,impolite,val
770,"Sure, send it today, obviously.",ğŸ˜¬,dart,impolite,test
771,Stop making it confusing. fix it.,ğŸ˜’,,impolite,val
772,You fixed it? Whatever. learn the process. redo,ğŸ˜,ok-hand,impolite,test
773,This work is not great. fix it. later,,battery,impolite,test
774,That task? unacceptable. make it right. sync,ğŸ˜“,tada,impolite,val
775,That ticket? unclear. make it right. help,ğŸ˜¤,camera,impolite,train
776,You deployed it? Sure. try again properly. ship,ğŸ˜,exclamation,impolite,test
777,Okay. and clean it up. version,ğŸ˜¤,battery,impolite,test
778,You clarified it? Whatever. slow down and think. maybe,ğŸ¤¦,bulb,impolite,train
779,Why is this still not deployed?,ğŸ‘,camera,impolite,train
780,"Sure, thanks for nothing.",ğŸ¤¦,salute,impolite,test
781,This ticket is careless. do it again.,ğŸ™„,lock,impolite,train
782,Be serious. Do it properly after lunch. nice,ğŸ¤¦,target,impolite,val
783,Stop making it unclear. fix it. fine,ğŸ¤¦,unlock,impolite,test
784,That report? sloppy. make it right. thanks,,,impolite,train
785,"Right, finish it tomorrow, obviously. nice",ğŸ˜“,video,impolite,train
786,Whatever. and do it properly.,ğŸ‘,hmm,impolite,train
787,Be serious. Fix it when you can. maybe,,,impolite,train
788,Stop making it half-done. do it properly.,ğŸ˜“,sleepy,impolite,train
789,"Great, deploy it after lunch, obviously. time",ğŸ˜,rainbow,impolite,train
790,Okay. and make it right. okay,ğŸ‘,plug,impolite,val
791,"Great, thanks for nothing. note",,,impolite,val
792,Why is this still not redone? review,ğŸ˜ ,,impolite,test
793,That update? sloppy. do it again. context,ğŸ˜‘,sweat,impolite,train
794,Stop making it careless. do it again. update,ğŸ‘,bell,impolite,train
795,You sent it? Yeah. slow down and think. idea,ğŸ˜•,,impolite,val
796,"Sure, thanks for nothing. again",ğŸ™„,gasp,impolite,val
797,"Right, explain it next hour, obviously. sync",ğŸ‘,,impolite,train
798,"Great, review it soon, obviously.",ğŸ˜¡,victory,impolite,val
799,Fine. and redo it.,ğŸ˜‰,eyerub,impolite,train
800,This patch is rushed. clean it up.,,nerd,impolite,train
801,Why is this still not clarified? okay,ğŸ˜’,ghost,impolite,train
802,This PR is unclear. redo it. already,ğŸ˜¬,wifi,impolite,train
803,That change? not great. clean it up. sync,ğŸ˜,battery,impolite,train
804,This PR is unclear. fix it. idea,âœ¨,,impolite,train
805,That ticket? not great. fix it. version,ğŸ’¢,grimace,impolite,test
806,Be serious. Redo it when you can. fix,ğŸ˜¤,nerd,impolite,test
807,Be serious. Redo it by EOD. wow,ğŸ‘,music,impolite,train
808,"Amazing, send it next hour, obviously. note",ğŸ˜,whistle,impolite,train
809,That work? confusing. do it again. check,ğŸ˜¡,paperclip,impolite,train
810,Okay. and redo it.,ğŸ˜ ,dart,impolite,val
811,Right. and clean it up. context,ğŸ˜¡,mindblown,impolite,train
812,Sure. and clean it up. clean,ğŸ˜’,boo,impolite,train
813,Sure. and fix it. review,ğŸ˜,cross,impolite,test
814,"Great, thanks for nothing.",ğŸ™„,chain,impolite,train
815,That idea? confusing. redo it. stop,ğŸ˜“,lock,impolite,train
816,That patch? unacceptable. redo it.,,exclamation,impolite,test
817,"Nice, thanks for nothing.",ğŸ˜,ok,impolite,train
818,Stop making it careless. clean it up. maybe,ğŸ‘,whistle,impolite,train
819,Stop making it confusing. clean it up. nice,ğŸ˜,trophy,impolite,test
820,This branch is messy. clean it up.,ğŸ˜¡,ghost,impolite,train
821,Be serious. Do it again today.,ğŸ˜‘,mindblown,impolite,val
822,That update? confusing. do it again. detail,ğŸ˜,,impolite,test
823,"Nice, clarify it after lunch, obviously.",ğŸ‘,rocket,impolite,train
824,This update is careless. fix it.,ğŸ˜¡,,impolite,train
825,That patch? rushed. clean it up. sync,ğŸ˜¬,battery,impolite,train
826,"Wow, thanks for nothing. update",ğŸ˜•,coffee,impolite,val
827,Why is this still not finished?,ğŸ™„,alarm,impolite,train
828,Fine. and make it right. send,ğŸ˜’,boo-hard,impolite,train
829,This patch is rushed. do it properly. help,ğŸ™„,,impolite,train
830,Stop making it unacceptable. make it right. now,ğŸ˜,,impolite,train
831,Okay. and do it properly. sure,ğŸ’¢,gasp,impolite,train
832,Be serious. Do it properly soon. check,ğŸ˜,neutral,impolite,test
833,Stop making it sloppy. do it again. wow,ğŸ˜•,tears-of-joy,impolite,train
834,Fine. and redo it. fix,ğŸ˜,pointer,impolite,train
835,That work? not great. do it again.,ğŸ˜¬,,impolite,train
836,This doc is unacceptable. redo it.,ğŸ˜,boo,impolite,train
837,That patch? unacceptable. do it properly.,ğŸ˜,star2,impolite,train
838,"Right, finish it next hour, obviously.",ğŸ™„,key,impolite,train
839,That ticket? not great. clean it up. confirm,ğŸ’¢,nerd,impolite,test
840,Whatever. and make it right. deploy,ğŸ‘,,impolite,test
841,This doc is unclear. fix it. time,ğŸ˜‘,,impolite,test
842,This doc is unclear. fix it. help,ğŸ˜•,blush,impolite,train
843,"Right, thanks for nothing. okay",ğŸ™‚,,impolite,train
844,"Nice, thanks for nothing.",ğŸ‘,,impolite,train
845,Whatever. and do it again.,ğŸ˜¤,salute,impolite,val
846,That change? messy. redo it. fine,ğŸ˜,key,impolite,train
847,Fine. and fix it.,ğŸ˜,,impolite,train
848,This ticket is rushed. make it right.,ğŸ˜,video,impolite,train
849,Why is this still not deployed? clean,,facepalm-hard,impolite,val
850,Why is this still not explained? gentle,ğŸ˜‰,neutral,impolite,train
851,That idea? not great. redo it.,âœ¨,,impolite,train
852,This idea is unacceptable. do it properly.,ğŸ‘,dart,impolite,train
853,"Wow, deploy it next hour, obviously.",,chip,impolite,val
854,Stop making it unclear. make it right. done,ğŸ‘,hmm,impolite,val
855,"Wow, thanks for nothing. deploy",ğŸ˜¬,unlock,impolite,val
856,"Wow, thanks for nothing. ship",ğŸ˜ ,,impolite,train
857,This branch is unclear. do it again. ship,ğŸ‘,skull,impolite,test
858,Why is this still not fixed? detail,ğŸ™„,salute,impolite,train
859,You updated it? Fine. check the guide. idea,ğŸ‘,key,impolite,train
860,You sent it? Yeah. check the guide. update,ğŸ’¢,guitar,impolite,train
861,Sure. and do it properly. version,ğŸ¤¦,trophy,impolite,test
862,This PR is unclear. redo it.,ğŸ˜,slow-clap,impolite,val
863,Why is this still not finished? great,ğŸ‘,idea,impolite,test
864,That report? messy. do it again. deploy,ğŸ˜¬,nerd,impolite,val
865,Right. and clean it up. time,,pinch,impolite,train
866,Be serious. Do it again ASAP. context,ğŸ˜¤,,impolite,train
867,You updated it? Sure. try again properly.,ğŸ‘,tea,impolite,train
868,"Amazing, review it by EOD, obviously. context",ğŸ‘,victory,impolite,train
869,Fine. and clean it up. help,ğŸ˜,glow,impolite,train
870,Why is this still not checked? redo,ğŸ¤¦,spark,impolite,train
871,This idea is rushed. make it right.,ğŸ˜,boo-hard,impolite,train
872,Stop making it unacceptable. do it again. wow,ğŸ˜’,,impolite,test
873,This idea is careless. redo it.,ğŸ˜¬,,impolite,train
874,"Sure, clarify it tomorrow, obviously. sync",ğŸ˜“,,impolite,train
875,Stop making it messy. clean it up.,ğŸ˜,bicep,impolite,train
876,You explained it? Okay. slow down and think. sync,ğŸ‘,tears-of-joy,impolite,test
877,Stop making it unclear. make it right. gentle,,tears-of-joy,impolite,train
878,This PR is sloppy. make it right.,ğŸ’¢,zzz,impolite,train
879,This patch is unclear. do it properly.,ğŸ˜‘,wifi,impolite,test
880,You deployed it? Yeah. read the doc.,âœ¨,thumbs-side,impolite,train
881,Right. and fix it.,ğŸ‘,mic-drop,impolite,train
882,Okay. and fix it.,ğŸ˜•,battery,impolite,train
883,Be serious. Make it right by EOD.,ğŸ™‚,drum,impolite,train
884,You clarified it? Okay. learn the process. really,ğŸ™„,exclamation,impolite,val
885,Stop making it messy. do it properly. note,ğŸ˜’,,impolite,val
886,Be serious. Redo it soon.,ğŸ˜•,boom-hard,impolite,train
887,Fine. and fix it. firm,ğŸ™„,lightbulb,impolite,test
888,"Wow, update it tomorrow, obviously. done",ğŸ™„,salute,impolite,train
889,Why is this still not explained? stop,,applause,impolite,train
890,"Wow, thanks for nothing. clean",ğŸ‘,paperclip,impolite,train
891,Be serious. Do it properly today. update,ğŸ˜¬,,impolite,train
892,Why is this still not reviewed? already,ğŸ‘,camera,impolite,train
893,Why is this still not fixed? time,ğŸ™„,target,impolite,train
894,Be serious. Fix it when you can. maybe,ğŸ˜,lightbulb,impolite,val
895,Stop making it half-done. clean it up. redo,ğŸ˜,calendar,impolite,train
896,"Wow, check it when you can, obviously. gentle",ğŸ˜‘,key,impolite,train
897,"Sure, clarify it when you can, obviously.",ğŸ˜¡,lock,impolite,val
898,"Right, thanks for nothing. detail",ğŸ‘,popcorn,impolite,test
899,Sure. and redo it. tone,ğŸ™„,pinch,impolite,train
900,"Wow, confirm it today, obviously. context",ğŸ˜•,hearts,impolite,train
901,Be serious. Redo it after lunch. confirm,ğŸ˜’,ok,impolite,train
902,Right. and do it again. confirm,ğŸ˜,,impolite,train
903,You sent it? Okay. check the guide.,ğŸ’¢,slow-clap,impolite,train
904,That task? unclear. fix it.,ğŸ¤¦,,impolite,val
905,Be serious. Redo it ASAP. check,ğŸ˜ ,bulb,impolite,val
906,Stop making it confusing. make it right.,ğŸ˜“,,impolite,train
907,"Sure, thanks for nothing.",ğŸ˜¬,sigh,impolite,train
908,Be serious. Make it right ASAP. send,ğŸ‘,pinch,impolite,train
909,Whatever. and do it properly. stop,ğŸ˜‘,,impolite,train
910,Sure. and do it again.,ğŸ˜“,gasp,impolite,train
911,Why is this still not reviewed? idea,ğŸ˜’,grimace,impolite,train
912,This update is unclear. clean it up.,ğŸ˜‘,rocket,impolite,val
913,Stop making it not great. redo it.,ğŸ˜¬,fire,impolite,val
914,Why is this still not redone?,ğŸ™„,star2,impolite,train
915,That PR? messy. clean it up. confirm,ğŸ˜,tea,impolite,train
916,This work is messy. redo it. sync,ğŸ˜“,lock,impolite,train
917,Be serious. Redo it ASAP. clean,ğŸ˜•,antenna,impolite,train
918,You reviewed it? Yeah. follow the template.,ğŸ¤¦,,impolite,train
919,This work is careless. make it right.,ğŸ’¢,eyeroll-hard,impolite,train
920,This change is not great. redo it.,ğŸ˜¬,bicep,impolite,val
921,"Right, thanks for nothing. sarcasm",ğŸ˜•,chart-up,impolite,train
922,You sent it? Whatever. slow down and think. update,ğŸ˜¤,angry,impolite,val
923,You cleaned it? Sure. check the guide. now,ğŸ˜‘,facepalm,impolite,train
924,"Amazing, clarify it before standup, obviously. great",ğŸ˜¡,link,impolite,train
925,"Great, thanks for nothing. work",ğŸ™„,music,impolite,train
926,Stop making it rushed. do it properly. wow,,boom,impolite,val
927,This work is unacceptable. do it properly. okay,ğŸ˜,hug,impolite,train
928,"Wow, thanks for nothing. review",ğŸ‘,chart-down,impolite,train
929,You redid it? Right. read the doc. ship,,nerd,impolite,val
930,You fixed it? Whatever. slow down and think.,ğŸ˜¡,alarm,impolite,train
931,Why is this still not finished? review,ğŸ˜,neutral,impolite,train
932,Be serious. Do it properly tomorrow. check,ğŸ˜¡,key,impolite,train
933,Why is this still not redone? check,ğŸ˜“,blush,impolite,train
934,Why is this still not updated? firm,ğŸ¤¦,chart-down,impolite,train
935,Be serious. Do it properly tomorrow. clarify,,slow-clap,impolite,val
936,Sure. and fix it. help,ğŸ˜•,note,impolite,train
937,"Nice, thanks for nothing. done",ğŸ˜,drum,impolite,train
938,Why is this still not redone?,ğŸ˜¬,pinch,impolite,train
939,Fine. and clean it up. wow,ğŸ’¢,pinch,impolite,train
940,"Sure, redo it next hour, obviously. version",ğŸ‘,glow,impolite,train
941,This change is not great. clean it up. redo,ğŸ˜‘,,impolite,train
942,You explained it? Fine. try again properly. now,ğŸ˜’,popcorn,impolite,train
943,This report is messy. do it again.,ğŸ˜“,pointer,impolite,train
944,That change? sloppy. make it right. thanks,ğŸ™„,bicep,impolite,test
945,Be serious. Fix it now.,ğŸ˜,question,impolite,train
946,Why is this still not checked? sync,ğŸ˜•,blush,impolite,train
947,That report? half-done. make it right.,ğŸ˜,star,impolite,train
948,Stop making it careless. redo it. later,ğŸ™„,link,impolite,train
949,Right. and clean it up.,ğŸ‘,ghost,impolite,train
950,You updated it? Okay. slow down and think.,ğŸ˜•,popcorn,impolite,train
951,Why is this still not fixed? great,ğŸ™„,boom,impolite,val
952,You cleaned it? Yeah. try again properly. later,ğŸ˜¤,sweat,impolite,train
953,Why is this still not redone? great,ğŸ˜ ,tea,impolite,train
954,You cleaned it? Fine. slow down and think. note,ğŸ˜‘,clap,impolite,train
955,This idea is confusing. do it properly. thanks,ğŸ˜,zzz,impolite,train
956,Whatever. and make it right.,ğŸ˜¤,drum,impolite,test
957,"Nice, thanks for nothing. note",ğŸ˜ ,check,impolite,val
958,This idea is half-done. do it again. thanks,ğŸ˜•,,impolite,test
959,You redid it? Fine. learn the process.,ğŸ˜•,,impolite,train
960,"Right, review it after lunch, obviously.",ğŸ‘,blush,impolite,train
961,That PR? half-done. do it properly. review,ğŸ’¢,lightbulb,impolite,test
962,Why is this still not redone?,ğŸ’¢,blush,impolite,val
963,Stop making it unclear. redo it.,ğŸ˜’,plug,impolite,train
964,That branch? careless. make it right.,âœ¨,link,impolite,train
965,"Great, redo it today, obviously. idea",ğŸ˜¤,hug,impolite,train
966,Be serious. Do it properly next hour. idea,ğŸ˜¤,sunglasses,impolite,val
967,"Wow, thanks for nothing. maybe",ğŸ˜•,star2,impolite,val
968,You reviewed it? Fine. check the guide. redo,ğŸ˜¬,,impolite,train
969,That task? careless. do it properly. context,ğŸ™„,ok-hand,impolite,train
970,"Great, thanks for nothing. clean",ğŸ˜,sigh,impolite,train
971,Why is this still not sent? confirm,ğŸ˜¤,spark,impolite,test
972,"Wow, thanks for nothing.",ğŸ¤¦,sunglasses,impolite,train
973,Right. and clean it up. maybe,ğŸ˜ ,,impolite,train
974,Stop making it half-done. make it right. ship,ğŸ˜¬,dart,impolite,train
975,This doc is rushed. clean it up.,ğŸ™‚,,impolite,train
976,That PR? messy. make it right. thanks,ğŸ˜•,facepalm-hard,impolite,train
977,Why is this still not updated? really,ğŸ˜¤,angry,impolite,train
978,"Wow, finish it next hour, obviously. ship",ğŸ˜¤,sigh,impolite,train
979,You explained it? Yeah. slow down and think. fine,ğŸ˜“,,impolite,train
980,You updated it? Whatever. try again properly.,ğŸ˜,hug,impolite,train
981,This patch is half-done. do it properly. detail,ğŸ˜¡,blush,impolite,val
982,"Nice, thanks for nothing. help",ğŸ˜‘,ok-hand,impolite,train
983,"Amazing, thanks for nothing. maybe",ğŸ˜‰,,impolite,train
984,Right. and do it again.,ğŸ˜•,yawn,impolite,train
985,This update is half-done. do it properly. tone,ğŸ¤¦,neutral,impolite,test
986,That patch? confusing. do it properly. version,ğŸ¤¦,,impolite,train
987,That branch? rushed. fix it. thanks,ğŸ˜¤,chart-down,impolite,train
988,You explained it? Sure. check the guide. help,ğŸ˜¡,,impolite,train
989,Yeah. and fix it.,ğŸ˜•,mic-drop,impolite,test
990,That idea? unacceptable. clean it up. check,ğŸ¤¦,star2,impolite,val
991,"Wow, review it before standup, obviously. clean",ğŸ˜‰,ghost,impolite,test
992,Why is this still not finished?,âœ¨,video,impolite,train
993,You reviewed it? Yeah. read the doc. already,ğŸ¤¦,sunglasses,impolite,train
994,You cleaned it? Fine. slow down and think.,ğŸ˜•,cross,impolite,train
995,Be serious. Do it properly ASAP. later,ğŸ‘,fire,impolite,train
996,That PR? unclear. do it again. tone,ğŸ˜•,target,impolite,val
997,"Great, clean it next hour, obviously. okay",ğŸ˜¬,rocket,impolite,train
998,Why is this still not checked? already,ğŸ˜,tears-of-joy,impolite,train
999,Stop making it not great. make it right. already,ğŸ˜“,gasp,impolite,train
1000,This module is messy. do it properly. thanks,ğŸ˜’,lightbulb,impolite,train
1001,Nice job.,ğŸ™„,clap,impolite,test
1002,Nice job.,ğŸ™‚,clap,polite,train
1003,Can you stop this now,ğŸ™‚,eyeroll,polite,train
1004,Stop this now,ğŸ™„,clap,impolite,train
1005,Thanks a lot,ğŸ˜,slow-clap,impolite,test
1006,Thanks a lot!,ğŸ˜Š,hearts,polite,train
1007,Great work really,ğŸ˜,eyeroll-hard,impolite,train
1008,"Great work, really!",ğŸ‘,trophy,polite,train
1009,could you check the task soon. ship,ğŸ¤,shrug,polite,train
1010,It would be thoughtful if you can clarify it today. could you,ğŸ˜Œ,zzz,polite,train
1011,could you finish the idea now. gentle,ğŸ™Œ,satellite,polite,train
1012,could you finish the idea today.,âœ¨,,polite,train
1013,"appreciate it, Got it. add a note really",ğŸ’–,chart-up,polite,train
1014,could you explain the work before standup.,ğŸ¤,thumbs-down,polite,train
1015,"appreciate it for the idea, that was careful. review",ğŸ¤,ok,polite,train
1016,could you update the ticket next hour. appreciate it,ğŸ™,pinch,polite,train
1017,"appreciate it, All good. ping me if stuck wow",ğŸ‘,celebrate,polite,train
1018,"I cleaned it; Noted, could you share the details. ping",ğŸ˜Œ,blush,polite,train
1019,could you explain the doc when you can. clean,âœ¨,,polite,train
1020,"appreciate it for the work, that was great.",ğŸ¤©,,polite,train
1021,"Can you clarify this after lunch, could you?",ğŸ™„,celebrate,polite,train
1022,"I clarified it; All good, could you share the details. tone",ğŸ‘,popcorn,polite,train
1023,I appreciate the work. could you,ğŸ¤,100,polite,train
1024,could you clean the work before standup.,ğŸ™‚,ghost,polite,train
1025,"appreciate it, Okay. send me the link gentle",ğŸ™„,popcorn,polite,train
1026,"Can you send this ASAP, could you? detail",ğŸ™Œ,facepalm,polite,train
1027,"I reviewed it; Noted, could you share the details.",ğŸ˜‰,lightbulb,polite,train
1028,"appreciate it, Okay. send me the link sarcasm",ğŸ¤,eyeroll,polite,train
1029,could you clean the work today. gentle,ğŸ™,,polite,train
1030,"Can you deploy this after lunch, could you? okay",ğŸ¤—,applause,polite,train
1031,"appreciate it for the work, that was careful.",âœ¨,,polite,train
1032,could you check the module before standup.,ğŸ˜,rainbow,polite,train
1033,"appreciate it, Makes sense. I'll take it from here",ğŸ’–,target,polite,train
1034,Got it. Let me know if you need help. appreciate it,ğŸ˜Œ,,polite,train
1035,"appreciate it for the update, that was helpful. firm",âœ¨,party,polite,train
1036,could you clarify the PR by EOD.,ğŸ¤,zzz,polite,train
1037,could you explain the report after lunch. sync,ğŸ¥³,celebrate,polite,train
1038,"appreciate it for the report, that was nice. okay",âœ¨,boom-hard,polite,train
1039,"appreciate it for the change, that was great.",ğŸ¤—,lock,polite,train
1040,could you review the PR next hour.,ğŸ˜,sweat,polite,train
1041,"appreciate it for the work, that was helpful. sync",ğŸ˜Š,blush,polite,train
1042,"I clarified it; Noted, could you share the details. version",ğŸ˜,link,polite,train
1043,"appreciate it, All good. I'll take it from here sure",ğŸ™‚,rainbow,polite,train
1044,"appreciate it for the module, that was useful.",ğŸ¤,calendar,polite,train
1045,"I fixed it; Makes sense, could you share the details. already",ğŸ™,party-popper,polite,train
1046,"appreciate it, Got it. ping me if stuck",ğŸ‘,thumbs-side,polite,train
1047,could you fix the doc next hour. fine,ğŸ˜‰,thumbs-up,polite,train
1048,could you explain the PR now.,âœ¨,sleepy,polite,train
1049,Could you clean this now could you? sarcasm,ğŸ¤,key,polite,train
1050,could you deploy the module ASAP. time,ğŸ˜,star,polite,train
1051,"appreciate it, Understood. add a note",ğŸ™,,polite,train
1052,"appreciate it, Makes sense. ping me if stuck stop",ğŸ™„,hourglass,polite,train
1053,This is careful. Could you also confirm the other part? appreciate it,ğŸ’–,rocket,polite,train
1054,"Can you review this when you can, could you? fix",ğŸ¤,eyeroll-hard,polite,train
1055,"appreciate it for the ticket, that was great. nice",ğŸ¤©,sleepy,polite,train
1056,"appreciate it for the patch, that was clear. great",ğŸ™,rocket,polite,train
1057,"appreciate it, Understood. I'll take it from here review",ğŸ‘,eyeroll-hard,polite,train
1058,"Can you explain this after lunch, could you? nice",ğŸ˜‰,plug,polite,train
1059,Could you clarify this by EOD could you? update,ğŸ™Œ,,polite,train
1060,"appreciate it, Okay. send me the link help",ğŸ˜¬,,polite,train
1061,"appreciate it, All good. ping me if stuck idea",ğŸ˜,target,polite,train
1062,"appreciate it for the module, that was helpful. okay",ğŸ˜Š,popcorn,polite,train
1063,could you explain the change next hour.,ğŸ˜Œ,hug,polite,train
1064,"Can you ship this today, could you? clarify",ğŸ‘,hearts,polite,train
1065,could you clarify the idea when you can.,ğŸ‰,trophy,polite,train
1066,This is solid. Could you also redo the other part? could you,ğŸ‰,angry,polite,train
1067,"Can you send this by EOD, could you?",ğŸ™Œ,lightbulb,polite,train
1068,"appreciate it for the branch, that was solid. wow",ğŸ‘,,polite,train
1069,Could you confirm this next hour could you?,ğŸ¤©,hmm,polite,train
1070,"appreciate it for the PR, that was useful. sure",,unlock,polite,train
1071,"Can you fix this soon, could you? deploy",ğŸ™„,yawn,polite,train
1072,"appreciate it for the branch, that was helpful. context",ğŸ‘,boom-hard,polite,train
1073,could you explain the task now.,ğŸ¤,,polite,train
1074,"Can you deploy this now, could you? work",ğŸ™Œ,,polite,train
1075,"appreciate it, Okay. could you share the details done",ğŸ™‚,alarm,polite,train
1076,could you confirm the doc tomorrow.,ğŸ‘,ok,polite,train
1077,"appreciate it for the PR, that was nice. gentle",ğŸ¤,nerd,polite,train
1078,"I explained it; Noted, could you share the details. ping",,music,polite,train
1079,could you deploy the PR after lunch. work,ğŸ™‚,angry,polite,train
1080,"appreciate it, Got it. we can sync later note",ğŸ¤,popcorn,polite,train
1081,"appreciate it, Makes sense. ping me if stuck",ğŸ’–,heart,polite,train
1082,could you review the module today. already,âœ¨,bicep,polite,train
1083,could you redo the doc now. gentle,ğŸ™‚,chart-up,polite,train
1084,could you ship the ticket before standup.,,wink,polite,train
1085,"appreciate it for the report, that was nice. again",ğŸ¤¦,facepalm-hard,polite,train
1086,"appreciate it for the task, that was thoughtful. sync",,alarm,polite,train
1087,"appreciate it, Makes sense. send me the link already",ğŸ‘,zzz,polite,train
1088,could you update the patch before standup. note,ğŸ‘,idea,polite,train
1089,Could you send it when you have a moment?,,,polite,train
1090,Would it be possible to share the file later today?,,,polite,train
1091,I appreciate your help on this.,,,polite,train
1092,Could you clarify the last point?,,,polite,train
1093,It would help if you could check that.,,,polite,train
1094,Interesting pointâ€”could you elaborate a bit?,,,polite,train
1095,"When you get a chance, could you review it?",,,polite,train
1096,I value your input on this.,,,polite,train
1097,Let me know what you think.,,,polite,train
1098,Could you take a quick look?,,,polite,train
1099,Thanks ğŸ™„,ğŸ™„,eyeroll,impolite,train
1100,Great jobâ€¦ not really.,,,impolite,train
1101,Amazing. Exactly what we didn't need.,,,impolite,train
1102,"Sure, because that makes total sense.",,,impolite,train
1103,Nice try.,,,impolite,train
1104,Right. Of course.,,,impolite,train
1105,Do you even read the instructions?,,,impolite,train
1106,Unbelievable.,,,impolite,train
1107,That was helpful. Not.,,,impolite,train
1108,Brilliantâ€¦ if we wanted it broken.,,,impolite,train